code,direct,opentime,openprice,closetime,closeprice,qty,profit,maxprofit,maxloss,totalprofit,entertag,exittag,openbarno,closebarno
CFFEX.IF.HOT,SHORT,201909100940,3959.6,201909101020,3949.8,1,2940,5400,-540,2503.88,entershort,exitshort,1,9
CFFEX.IF.HOT,SHORT,201909101040,3941.6,201909101045,3947,1,-1620,0,-1860,448.17,entershort,exitshort,13,14
CFFEX.IF.HOT,SHORT,201909101105,3942.4,201909101110,3944.6,1,-660,1020,-1380,-647.3,entershort,exitshort,18,19
CFFEX.IF.HOT,SHORT,201909101120,3941.6,201909101130,3947,1,-1620,1020,-1980,-2703.01,entershort,exitshort,21,23
CFFEX.IF.HOT,LONG,201909101340,3950,201909101350,3953.2,1,960,1080,-240,-2179.43,enterlong,exitlong,31,33
CFFEX.IF.HOT,LONG,201909101355,3955.4,201909101400,3954.4,1,-300,720,-540,-2916,enterlong,exitlong,34,35
CFFEX.IF.HOT,LONG,201909101410,3959.2,201909101420,3955.2,1,-1200,600,-1440,-4552.68,enterlong,exitlong,37,39
CFFEX.IF.HOT,SHORT,201909101425,3952,201909101430,3954.2,1,-660,60,-1140,-5649.21,entershort,exitshort,40,41
CFFEX.IF.HOT,LONG,201909101435,3956.2,201909101445,3963.4,1,2160,2340,0,-3926.72,enterlong,exitlong,42,44
CFFEX.IF.HOT,SHORT,201909101450,3961.2,201909110935,3969,1,-2340,1500,0,-6321.44,entershort,exitshort,45,48
CFFEX.IF.HOT,LONG,201909110940,3970.8,201909110945,3964,1,-2040,420,-2580,-8799.11,enterlong,exitlong,49,50
CFFEX.IF.HOT,SHORT,201909110950,3948,201909110955,3948,1,-0,660,-960,-9234.97,entershort,exitshort,51,52
CFFEX.IF.HOT,SHORT,201909111000,3946.2,201909111010,3942.8,1,1020,2760,-240,-8650.28,entershort,exitshort,53,55
CFFEX.IF.HOT,LONG,201909111015,3946.2,201909111025,3944,1,-660,1320,-900,-9745.71,enterlong,exitlong,56,58
CFFEX.IF.HOT,LONG,201909111040,3944.4,201909111045,3939,1,-1620,0,-1620,-11800.6,enterlong,exitlong,61,62
CFFEX.IF.HOT,SHORT,201909111050,3932.8,201909111105,3930,1,840,1740,-1020,-11394.5,entershort,exitshort,63,66
CFFEX.IF.HOT,LONG,201909111110,3929.6,201909111310,3948.2,1,5580,7620,-300,-6250.27,enterlong,exitlong,67,73
CFFEX.IF.HOT,SHORT,201909111315,3943.2,201909111330,3945.2,1,-600,180,-1740,-7285.81,entershort,exitshort,74,77
CFFEX.IF.HOT,LONG,201909111335,3948.4,201909111340,3936.6,1,-3540,180,-3600,-11260.5,enterlong,exitlong,78,79
CFFEX.IF.HOT,SHORT,201909111345,3932,201909111350,3935.2,1,-960,660,-1140,-12654.9,entershort,exitshort,80,81
CFFEX.IF.HOT,SHORT,201909111355,3934,201909111400,3935,1,-300,420,-900,-13389.3,entershort,exitshort,82,83
CFFEX.IF.HOT,LONG,201909111405,3936.4,201909111415,3939.6,1,960,2280,-240,-12864.2,enterlong,exitlong,84,86
CFFEX.IF.HOT,SHORT,201909111420,3935.4,201909111430,3934.8,1,180,1320,-720,-13118.6,entershort,exitshort,87,89
CFFEX.IF.HOT,LONG,201909111435,3941.6,201909111440,3939.6,1,-600,180,-1140,-14153.6,enterlong,exitlong,90,91
CFFEX.IF.HOT,SHORT,201909111445,3933.6,201909111455,3936,1,-720,1380,-1260,-15308.1,entershort,exitshort,92,94
CFFEX.IF.HOT,SHORT,201909120935,3953.4,201909120940,3956,1,-780,1320,-2040,-16524.8,entershort,exitshort,96,97
CFFEX.IF.HOT,LONG,201909120945,3950.4,201909120950,3948.8,1,-480,660,-1920,-17440.8,enterlong,exitlong,98,99
CFFEX.IF.HOT,SHORT,201909121005,3948.2,201909121020,3950,1,-540,1500,-1440,-18416.9,entershort,exitshort,102,105
CFFEX.IF.HOT,SHORT,201909121035,3944,201909121105,3952.4,1,-2520,540,-2820,-21373.1,entershort,exitshort,108,114
CFFEX.IF.HOT,SHORT,201909121110,3951.4,201909121115,3954.4,1,-900,180,-1140,-22709.7,entershort,exitshort,115,116
CFFEX.IF.HOT,LONG,201909121120,3958.8,201909121125,3955.4,1,-1020,240,-1320,-24166.4,enterlong,exitlong,117,118
CFFEX.IF.HOT,LONG,201909121310,3951.6,201909121325,3962,1,3120,3120,0,-21483.7,enterlong,exitlong,121,124
CFFEX.IF.HOT,LONG,201909121330,3964,201909121340,3960.8,1,-960,660,-960,-22881,enterlong,exitlong,125,127
CFFEX.IF.HOT,SHORT,201909121350,3960.4,201909121405,3963,1,-780,960,-1140,-24098.5,entershort,exitshort,129,132
CFFEX.IF.HOT,SHORT,201909121410,3960.8,201909121415,3965.2,1,-1320,0,-1440,-25856.2,entershort,exitshort,133,134
CFFEX.IF.HOT,LONG,201909121420,3971.6,201909121425,3973.6,1,600,960,-900,-25694.9,enterlong,exitlong,135,136
CFFEX.IF.HOT,LONG,201909121430,3981.4,201909121435,3978.4,1,-900,480,-1860,-27034.1,enterlong,exitlong,137,138
CFFEX.IF.HOT,SHORT,201909121445,3981.4,201909161000,3956.8,1,7380,8520,-720,-19708.9,entershort,exitshort,140,149
CFFEX.IF.HOT,LONG,201909161005,3957.2,201909161035,3970,1,3840,5520,-780,-16307.1,enterlong,exitlong,150,156
CFFEX.IF.HOT,SHORT,201909161045,3963.2,201909161100,3960,1,960,2880,0,-15784.3,entershort,exitshort,158,161
CFFEX.IF.HOT,LONG,201909161110,3963.6,201909161310,3961.8,1,-540,1620,-600,-16761.7,enterlong,exitlong,163,169
CFFEX.IF.HOT,SHORT,201909161320,3959,201909161335,3963,1,-1200,240,-1320,-18399.2,entershort,exitshort,171,174
CFFEX.IF.HOT,LONG,201909161340,3963.8,201909161345,3965,1,360,840,-660,-18476.9,enterlong,exitlong,175,176
CFFEX.IF.HOT,SHORT,201909161350,3961.8,201909161355,3964.8,1,-900,180,-960,-19814.6,entershort,exitshort,177,178
CFFEX.IF.HOT,LONG,201909161400,3966.4,201909161405,3959.8,1,-1980,120,-2340,-22231.9,enterlong,exitlong,179,180
CFFEX.IF.HOT,LONG,201909161410,3959.6,201909161420,3956.6,1,-900,720,-840,-23568.7,enterlong,exitlong,181,183
CFFEX.IF.HOT,LONG,201909161430,3956.4,201909161435,3952.2,1,-1260,360,-1620,-25265,enterlong,exitlong,185,186
CFFEX.IF.HOT,SHORT,201909161440,3944.2,201909161450,3947.6,1,-1020,1680,-1140,-26720.8,entershort,exitshort,187,189
CFFEX.IF.HOT,LONG,201909161455,3955,201909170940,3936.2,1,-5640,1980,-6120,-32415.3,enterlong,exitlong,190,193
CFFEX.IF.HOT,LONG,201909170945,3933.6,201909171000,3933.6,1,0,1320,-1440,-32849.5,enterlong,exitlong,194,197
CFFEX.IF.HOT,SHORT,201909171005,3926.2,201909171010,3932.2,1,-1800,480,-1860,-35083.6,entershort,exitshort,198,199
CFFEX.IF.HOT,LONG,201909171035,3936.4,201909171040,3932.4,1,-1200,240,-1260,-36717.8,enterlong,exitlong,204,205
CFFEX.IF.HOT,SHORT,201909171100,3933.6,201909171115,3935.4,1,-540,960,-960,-37692.2,entershort,exitshort,209,212
CFFEX.IF.HOT,SHORT,201909171125,3932.8,201909171340,3915.4,1,5220,6540,0,-32904.6,entershort,exitshort,214,223
CFFEX.IF.HOT,SHORT,201909171350,3908,201909171400,3902,1,1800,3600,-420,-31535.4,entershort,exitshort,225,227
CFFEX.IF.HOT,SHORT,201909171410,3895,201909171420,3898.2,1,-960,540,-2160,-32925.8,entershort,exitshort,229,231
CFFEX.IF.HOT,SHORT,201909171425,3890.6,201909171450,3888.2,1,720,4380,-900,-32635.1,entershort,exitshort,232,237
CFFEX.IF.HOT,LONG,201909171455,3898,201909180935,3903.4,1,1620,120,-3960,-31068.9,enterlong,exitlong,238,240
CFFEX.IF.HOT,LONG,201909180945,3910.8,201909181025,3906.6,1,-1260,1620,-1500,-32760.2,enterlong,exitlong,242,250
CFFEX.IF.HOT,LONG,201909181030,3911,201909181345,3908,1,-900,3300,-1320,-34091.7,enterlong,exitlong,251,272
CFFEX.IF.HOT,LONG,201909181350,3912.2,201909181355,3911,1,-360,180,-1440,-34883.4,enterlong,exitlong,273,274
CFFEX.IF.HOT,LONG,201909181400,3913,201909181405,3914,1,300,600,-660,-35015.5,enterlong,exitlong,275,276
CFFEX.IF.HOT,LONG,201909181410,3915.2,201909181415,3912.6,1,-780,180,-900,-36227.5,enterlong,exitlong,277,278
CFFEX.IF.HOT,LONG,201909181420,3917.2,201909181425,3912.8,1,-1320,60,-1560,-37979.5,enterlong,exitlong,279,280
CFFEX.IF.HOT,LONG,201909181430,3909.8,201909181435,3908.2,1,-480,0,-720,-38891,enterlong,exitlong,281,282
CFFEX.IF.HOT,SHORT,201909181440,3904.8,201909181445,3903.4,1,420,420,-600,-38901.9,entershort,exitshort,283,284
CFFEX.IF.HOT,LONG,201909181450,3904.8,201909181455,3902.2,1,-780,120,-1260,-40112.7,enterlong,exitlong,285,286
CFFEX.IF.HOT,LONG,201909181500,3905.8,201909190940,3912.6,1,2040,3960,-540,-38126.7,enterlong,exitlong,287,289
CFFEX.IF.HOT,SHORT,201909190945,3910.4,201909190950,3908.2,1,660,840,-600,-37898.2,entershort,exitshort,290,291
CFFEX.IF.HOT,LONG,201909190955,3903.8,201909191000,3904.6,1,240,480,-900,-38089.2,enterlong,exitlong,292,293
CFFEX.IF.HOT,SHORT,201909191005,3895.6,201909191010,3891.8,1,1140,1260,-840,-37378.9,entershort,exitshort,294,295
CFFEX.IF.HOT,LONG,201909191015,3897.4,201909191025,3902.6,1,1560,2400,-240,-36249.7,enterlong,exitlong,296,298
CFFEX.IF.HOT,LONG,201909191030,3907.6,201909191050,3907.2,1,-120,1620,-420,-36801.1,enterlong,exitlong,299,303
CFFEX.IF.HOT,LONG,201909191100,3909.8,201909191105,3911.2,1,420,480,-900,-36812.9,enterlong,exitlong,305,306
CFFEX.IF.HOT,LONG,201909191110,3910.4,201909191130,3906.2,1,-1260,780,-1500,-38504.2,enterlong,exitlong,307,311
CFFEX.IF.HOT,SHORT,201909191310,3901.4,201909191340,3903,1,-480,480,-900,-39415,entershort,exitshort,313,319
CFFEX.IF.HOT,LONG,201909191405,3909.6,201909191415,3909.2,1,-120,600,-240,-39966.6,enterlong,exitlong,324,326
CFFEX.IF.HOT,LONG,201909191420,3911,201909191430,3913.2,1,660,900,-300,-39738.6,enterlong,exitlong,327,329
CFFEX.IF.HOT,SHORT,201909191435,3910,201909191450,3917,1,-2100,660,-2580,-42271,entershort,exitshort,330,333
CFFEX.IF.HOT,LONG,201909191455,3914.2,201909200935,3929.8,1,4680,2460,-180,-37645.1,enterlong,exitlong,334,336
CFFEX.IF.HOT,LONG,201909200940,3926.8,201909200945,3926.4,1,-120,360,-1500,-38198.6,enterlong,exitlong,337,338
CFFEX.IF.HOT,LONG,201909200950,3930.4,201909200955,3926.4,1,-1200,720,-1200,-39832.1,enterlong,exitlong,339,340
CFFEX.IF.HOT,SHORT,201909201000,3922.4,201909201010,3925,1,-780,720,-900,-41045.4,entershort,exitshort,341,343
CFFEX.IF.HOT,LONG,201909201015,3931,201909201020,3927,1,-1200,180,-1380,-42679,enterlong,exitlong,344,345
CFFEX.IF.HOT,SHORT,201909201025,3926,201909201035,3928.2,1,-660,1140,-900,-43772.6,entershort,exitshort,346,348
CFFEX.IF.HOT,LONG,201909201040,3924,201909201100,3924.6,1,180,1380,-660,-44025.9,enterlong,exitlong,349,353
CFFEX.IF.HOT,SHORT,201909201115,3921.2,201909201125,3926.4,1,-1560,360,-1920,-46019.4,entershort,exitshort,356,358
CFFEX.IF.HOT,LONG,201909201130,3929.6,201909201320,3925.2,1,-1320,0,-1560,-47772.7,enterlong,exitlong,359,363
CFFEX.IF.HOT,LONG,201909201325,3930,201909201330,3927.6,1,-720,360,-1080,-48926.4,enterlong,exitlong,364,365
CFFEX.IF.HOT,LONG,201909201335,3927.8,201909201345,3935,1,2160,2460,-240,-47200.7,enterlong,exitlong,366,368
CFFEX.IF.HOT,LONG,201909201350,3935.2,201909201355,3929.6,1,-1680,300,-2160,-49314.6,enterlong,exitlong,369,370
CFFEX.IF.HOT,SHORT,201909201400,3925,201909201410,3925,1,-0,1020,-300,-49747.9,entershort,exitshort,371,373
CFFEX.IF.HOT,SHORT,201909201415,3923.6,201909201420,3924,1,-120,1020,-540,-50301.1,entershort,exitshort,374,375
CFFEX.IF.HOT,LONG,201909201425,3924.4,201909201435,3923.8,1,-180,1080,-240,-50914.3,enterlong,exitlong,376,378
CFFEX.IF.HOT,LONG,201909201440,3926.6,201909201450,3926.6,1,0,660,-840,-51347.8,enterlong,exitlong,379,381
CFFEX.IF.HOT,SHORT,201909201455,3926,201909230935,3912.2,1,4140,540,-840,-47261.9,entershort,exitshort,382,384
CFFEX.IF.HOT,SHORT,201909230940,3891,201909231350,3871.4,1,5880,7020,-360,-41809.4,entershort,exitshort,385,417
CFFEX.IF.HOT,SHORT,201909231355,3869.8,201909231400,3875,1,-1560,0,-1620,-43797.2,entershort,exitshort,418,419
CFFEX.IF.HOT,SHORT,201909231405,3873.2,201909231410,3868.8,1,1320,1500,-480,-42904.3,entershort,exitshort,420,421
CFFEX.IF.HOT,LONG,201909231415,3869.2,201909231425,3871,1,540,1020,-300,-42791.7,enterlong,exitlong,422,424
CFFEX.IF.HOT,LONG,201909231430,3871.4,201909231450,3888,1,4980,5160,-180,-38240.8,enterlong,exitlong,425,429
CFFEX.IF.HOT,LONG,201909231455,3891.4,201909231500,3897.8,1,1920,1920,-840,-36751.1,enterlong,exitlong,430,431
CFFEX.IF.HOT,SHORT,201909240935,3902,201909240940,3896.2,1,1740,1800,-900,-35441.2,entershort,exitshort,432,433
CFFEX.IF.HOT,SHORT,201909240945,3892.2,201909241000,3894.4,1,-660,600,-1320,-36531.2,entershort,exitshort,434,437
CFFEX.IF.HOT,SHORT,201909241005,3890,201909241010,3895.8,1,-1740,240,-1740,-38701.2,entershort,exitshort,438,439
CFFEX.IF.HOT,LONG,201909241015,3903,201909241040,3905.4,1,720,3540,0,-38412.4,enterlong,exitlong,440,445
CFFEX.IF.HOT,LONG,201909241045,3909.6,201909241100,3906.8,1,-840,1020,-900,-39683.7,enterlong,exitlong,446,449
CFFEX.IF.HOT,LONG,201909241105,3915.4,201909241305,3927.8,1,3720,5400,-360,-36397.2,enterlong,exitlong,450,456
CFFEX.IF.HOT,SHORT,201909241310,3919.4,201909241325,3919.2,1,60,2340,-1020,-36769.9,entershort,exitshort,457,460
CFFEX.IF.HOT,SHORT,201909241330,3918.8,201909241440,3897.4,1,6420,6840,0,-30780.3,entershort,exitshort,461,475
CFFEX.IF.HOT,SHORT,201909241445,3893.8,201909241450,3895.6,1,-540,120,-1860,-31750.4,entershort,exitshort,476,477
CFFEX.IF.HOT,SHORT,201909250935,3884.6,201909250950,3877.2,1,2220,3600,0,-29958.5,entershort,exitshort,480,483
CFFEX.IF.HOT,LONG,201909251010,3875.8,201909251100,3885.2,1,2820,4980,-1380,-27567.4,enterlong,exitlong,487,497
CFFEX.IF.HOT,SHORT,201909251110,3885,201909251115,3891.8,1,-2040,0,-2100,-30037,entershort,exitshort,499,500
CFFEX.IF.HOT,SHORT,201909251120,3887.6,201909251125,3891.2,1,-1080,480,-1140,-31546.5,entershort,exitshort,501,502
CFFEX.IF.HOT,SHORT,201909251130,3882.2,201909251335,3887.6,1,-1620,1260,-1920,-33595.7,entershort,exitshort,503,510
CFFEX.IF.HOT,SHORT,201909251340,3884.4,201909251345,3887.6,1,-960,60,-1440,-34984.9,entershort,exitshort,511,512
CFFEX.IF.HOT,LONG,201909251350,3889.8,201909251355,3882,1,-2340,180,-2700,-37753.5,enterlong,exitlong,513,514
CFFEX.IF.HOT,LONG,201909251410,3884.2,201909251415,3883.8,1,-120,300,-720,-38302.3,enterlong,exitlong,517,518
CFFEX.IF.HOT,SHORT,201909251420,3881.8,201909251430,3884.2,1,-720,720,-720,-39451,entershort,exitshort,519,521
CFFEX.IF.HOT,SHORT,201909251435,3880,201909251440,3888.2,1,-2460,1620,-2880,-42340.2,entershort,exitshort,522,523
CFFEX.IF.HOT,SHORT,201909251445,3887.6,201909260935,3885,1,780,5460,-180,-41613.9,entershort,exitshort,524,528
CFFEX.IF.HOT,LONG,201909260940,3885.4,201909260945,3885.6,1,60,420,-1200,-41982.8,enterlong,exitlong,529,530
CFFEX.IF.HOT,LONG,201909260950,3887.6,201909260955,3883.6,1,-1200,60,-1560,-43611.6,enterlong,exitlong,531,532
CFFEX.IF.HOT,LONG,201909261000,3884.8,201909261015,3885.6,1,240,3120,-600,-43800.6,enterlong,exitlong,533,536
CFFEX.IF.HOT,SHORT,201909261020,3885.4,201909261030,3883.6,1,540,960,-720,-43689.3,entershort,exitshort,537,539
CFFEX.IF.HOT,SHORT,201909261035,3876.2,201909261045,3875,1,360,1500,-540,-43757.2,entershort,exitshort,540,542
CFFEX.IF.HOT,LONG,201909261050,3875.6,201909261100,3874.8,1,-240,1140,-720,-44424.9,enterlong,exitlong,543,545
CFFEX.IF.HOT,LONG,201909261105,3873.8,201909261110,3868.6,1,-1560,360,-2400,-46412.1,enterlong,exitlong,546,547
CFFEX.IF.HOT,LONG,201909261115,3870.6,201909261125,3871,1,120,1620,-360,-46719.4,enterlong,exitlong,548,550
CFFEX.IF.HOT,SHORT,201909261130,3861.8,201909261310,3853,1,2640,4380,-660,-44504.9,entershort,exitshort,551,553
CFFEX.IF.HOT,LONG,201909261315,3863.2,201909261330,3859.8,1,-1020,1440,-1260,-45951,enterlong,exitlong,554,557
CFFEX.IF.HOT,LONG,201909261340,3860.4,201909261400,3859.4,1,-300,1980,-900,-46677.1,enterlong,exitlong,559,563
CFFEX.IF.HOT,SHORT,201909261415,3862.4,201909261430,3855,1,2220,3120,0,-44882.7,entershort,exitshort,566,569
CFFEX.IF.HOT,SHORT,201909261445,3851.4,201909261455,3850.8,1,180,2340,-540,-45127.9,entershort,exitshort,572,574
CFFEX.IF.HOT,SHORT,201909270935,3852.2,201909270950,3850.4,1,540,3600,-960,-45013,entershort,exitshort,576,579
CFFEX.IF.HOT,SHORT,201909270955,3849.2,201909271010,3843.2,1,1800,2460,-540,-43637.3,entershort,exitshort,580,583
CFFEX.IF.HOT,LONG,201909271015,3849.4,201909271020,3848.8,1,-180,660,-840,-44242.2,enterlong,exitlong,584,585
CFFEX.IF.HOT,SHORT,201909271025,3847.4,201909271035,3850.4,1,-900,960,-1260,-45567.3,entershort,exitshort,586,588
CFFEX.IF.HOT,SHORT,201909271040,3851.6,201909271045,3855.8,1,-1260,360,-1800,-47252.9,entershort,exitshort,589,590
CFFEX.IF.HOT,SHORT,201909271050,3856.2,201909271055,3857.6,1,-420,360,-840,-48098.8,entershort,exitshort,591,592
CFFEX.IF.HOT,SHORT,201909271100,3855.4,201909271105,3857.6,1,-660,360,-960,-49184.7,entershort,exitshort,593,594
CFFEX.IF.HOT,SHORT,201909271110,3852.4,201909271125,3852,1,120,840,-660,-49489.9,entershort,exitshort,595,598
CFFEX.IF.HOT,LONG,201909271130,3852.8,201909271305,3849.8,1,-900,0,-1620,-50815,enterlong,exitlong,599,600
CFFEX.IF.HOT,LONG,201909271310,3852.2,201909271325,3853.4,1,360,1200,-300,-50880.4,enterlong,exitlong,601,604
CFFEX.IF.HOT,LONG,201909271330,3852.4,201909271335,3850.2,1,-660,120,-660,-51965.5,enterlong,exitlong,605,606
CFFEX.IF.HOT,LONG,201909271340,3855,201909271345,3851.8,1,-960,180,-1140,-53350.7,enterlong,exitlong,607,608
CFFEX.IF.HOT,LONG,201909271355,3854.6,201909271405,3858.4,1,1140,2640,-120,-52636.7,enterlong,exitlong,610,612
CFFEX.IF.HOT,LONG,201909271410,3859.8,201909271420,3860,1,60,1320,-540,-53002.8,enterlong,exitlong,613,615
CFFEX.IF.HOT,SHORT,201909271430,3858,201909271440,3857.8,1,60,840,-1080,-53368.7,entershort,exitshort,617,619
CFFEX.IF.HOT,SHORT,201909271445,3856.8,201909271500,3855.2,1,480,1980,-60,-53314.3,entershort,exitshort,620,623
CFFEX.IF.HOT,SHORT,201909300935,3850,201909300940,3850.4,1,-120,1560,-1320,-53859.4,entershort,exitshort,624,625
CFFEX.IF.HOT,LONG,201909300945,3858.2,201909300950,3856,1,-660,300,-840,-54945.1,enterlong,exitlong,626,627
CFFEX.IF.HOT,LONG,201909300955,3856.6,201909301000,3852.6,1,-1200,0,-1680,-56570.5,enterlong,exitlong,628,629
CFFEX.IF.HOT,SHORT,201909301005,3848.4,201909301015,3849,1,-180,1800,-960,-57175.4,entershort,exitshort,630,632
CFFEX.IF.HOT,LONG,201909301020,3849,201909301025,3845.2,1,-1140,0,-1140,-58739.9,enterlong,exitlong,633,634
CFFEX.IF.HOT,LONG,201909301030,3852.6,201909301035,3848.6,1,-1200,0,-1440,-60364.8,enterlong,exitlong,635,636
CFFEX.IF.HOT,SHORT,201909301040,3848.8,201909301100,3845.4,1,1020,1320,-240,-59769.4,entershort,exitshort,637,641
CFFEX.IF.HOT,SHORT,201909301110,3841,201909301125,3840,1,300,1560,-240,-59893.3,entershort,exitshort,643,646
CFFEX.IF.HOT,SHORT,201909301130,3833.6,201909301310,3839.8,1,-1860,1020,-1920,-62177.2,entershort,exitshort,647,649
CFFEX.IF.HOT,LONG,201909301315,3847.4,201909301330,3852,1,1380,1380,-420,-61222.4,enterlong,exitlong,650,653
CFFEX.IF.HOT,LONG,201909301350,3853.8,201909301355,3849.6,1,-1260,420,-1380,-62907.5,enterlong,exitlong,657,658
CFFEX.IF.HOT,SHORT,201909301405,3843.8,201909301415,3834.2,1,2880,5640,-360,-60450.8,entershort,exitshort,660,662
CFFEX.IF.HOT,SHORT,201909301420,3832.2,201909301440,3836.8,1,-1380,1500,-1620,-62254.4,entershort,exitshort,663,667
CFFEX.IF.HOT,SHORT,201909301445,3820,201909301450,3811.4,1,2580,2760,-1980,-60095.2,entershort,exitshort,668,669
CFFEX.IF.HOT,LONG,201909301455,3812,201909301500,3803.4,1,-2580,780,-3240,-63095.2,enterlong,exitlong,670,671
CFFEX.IF.HOT,SHORT,201910080935,3811,201910080940,3820,1,-2700,0,-3060,-66216.8,entershort,exitshort,672,673
CFFEX.IF.HOT,LONG,201910080945,3831,201910081400,3836,1,1500,7380,-2520,-65140.3,enterlong,exitlong,674,707
CFFEX.IF.HOT,LONG,201910081405,3838.6,201910081410,3839.2,1,180,1020,-660,-65384.1,enterlong,exitlong,708,709
CFFEX.IF.HOT,LONG,201910081420,3843.4,201910081425,3841.4,1,-600,660,-600,-66408.2,enterlong,exitlong,711,712
CFFEX.IF.HOT,SHORT,201910081430,3836.8,201910081435,3839.6,1,-840,0,-1080,-67672.1,entershort,exitshort,713,714
CFFEX.IF.HOT,SHORT,201910081445,3834.6,201910090950,3799.4,1,10560,11700,-600,-57164.8,entershort,exitshort,716,723
CFFEX.IF.HOT,LONG,201910090955,3806.2,201910091045,3826.4,1,6060,8400,-480,-51527.1,enterlong,exitlong,724,734
CFFEX.IF.HOT,LONG,201910091110,3822.6,201910091125,3820.4,1,-660,1080,-780,-52608.9,enterlong,exitlong,739,742
CFFEX.IF.HOT,LONG,201910091315,3821.2,201910091400,3829.4,1,2460,3240,-300,-50571.6,enterlong,exitlong,746,755
CFFEX.IF.HOT,LONG,201910091405,3832.6,201910091420,3831.6,1,-300,1260,-1140,-51294.6,enterlong,exitlong,756,759
CFFEX.IF.HOT,LONG,201910091425,3837.2,201910091435,3831.8,1,-1620,720,-1560,-53337.7,enterlong,exitlong,760,762
CFFEX.IF.HOT,SHORT,201910091440,3830.8,201910091500,3830.2,1,180,1800,-420,-53580.5,entershort,exitshort,763,767
CFFEX.IF.HOT,LONG,201910100935,3824.8,201910100940,3827,1,660,1740,-1200,-53343,enterlong,exitlong,768,769
CFFEX.IF.HOT,LONG,201910100945,3836,201910100950,3831.2,1,-1440,780,-1560,-55206,enterlong,exitlong,770,771
CFFEX.IF.HOT,LONG,201910100955,3833.6,201910101000,3835.8,1,660,960,-1080,-54969.5,enterlong,exitlong,772,773
CFFEX.IF.HOT,SHORT,201910101005,3836.4,201910101010,3838.6,1,-660,360,-1200,-56053.2,entershort,exitshort,774,775
CFFEX.IF.HOT,LONG,201910101015,3838,201910101035,3840.6,1,780,2040,0,-55697.2,enterlong,exitlong,776,780
CFFEX.IF.HOT,LONG,201910101045,3844.2,201910101050,3844.6,1,120,300,-780,-56001.6,enterlong,exitlong,782,783
CFFEX.IF.HOT,SHORT,201910101055,3840.8,201910101100,3841.8,1,-300,60,-900,-56725.8,entershort,exitshort,784,785
CFFEX.IF.HOT,SHORT,201910101105,3838.2,201910101125,3835.8,1,720,1740,-300,-56429.3,entershort,exitshort,786,790
CFFEX.IF.HOT,LONG,201910101305,3839.2,201910101330,3850,1,3240,5400,0,-53614.2,enterlong,exitlong,792,797
CFFEX.IF.HOT,LONG,201910101345,3853.4,201910101350,3851.4,1,-600,60,-1320,-54639.4,enterlong,exitlong,800,801
CFFEX.IF.HOT,LONG,201910101400,3852,201910101405,3852.8,1,240,240,-1080,-54824.8,enterlong,exitlong,803,804
CFFEX.IF.HOT,LONG,201910101410,3852.2,201910101420,3852,1,-60,1380,-480,-55310,enterlong,exitlong,805,807
CFFEX.IF.HOT,LONG,201910101425,3854.2,201910101435,3856.2,1,600,840,-540,-55135.8,enterlong,exitlong,808,810
CFFEX.IF.HOT,LONG,201910101440,3862.2,201910101455,3863,1,240,2700,-120,-55322.2,enterlong,exitlong,811,814
CFFEX.IF.HOT,SHORT,201910110940,3875.8,201910111020,3872.2,1,1080,3000,-60,-54669.7,entershort,exitshort,817,825
CFFEX.IF.HOT,SHORT,201910111025,3868.4,201910111035,3869,1,-180,1140,-420,-55276.9,entershort,exitshort,826,828
CFFEX.IF.HOT,SHORT,201910111040,3865.4,201910111100,3863,1,720,2460,0,-54983.4,entershort,exitshort,829,833
CFFEX.IF.HOT,LONG,201910111110,3865,201910111120,3867.4,1,720,780,-300,-54690.3,enterlong,exitlong,835,837
CFFEX.IF.HOT,LONG,201910111125,3865.6,201910111310,3885.2,1,5880,8040,0,-49239.1,enterlong,exitlong,838,841
CFFEX.IF.HOT,LONG,201910111315,3892.2,201910111320,3888.8,1,-1020,1140,-1080,-50688.4,enterlong,exitlong,842,843
CFFEX.IF.HOT,LONG,201910111330,3892.6,201910111340,3896.6,1,1200,2940,-780,-49918.6,enterlong,exitlong,845,847
CFFEX.IF.HOT,LONG,201910111345,3906.8,201910111405,3908.6,1,540,5760,-1380,-49810.1,enterlong,exitlong,848,852
CFFEX.IF.HOT,LONG,201910111415,3911.8,201910111430,3917.2,1,1620,4020,0,-48622.5,enterlong,exitlong,854,857
CFFEX.IF.HOT,SHORT,201910111435,3912.2,201910111440,3918.6,1,-1920,180,-2040,-50975.1,entershort,exitshort,858,859
CFFEX.IF.HOT,SHORT,201910111450,3908.6,201910140940,3944,1,-10620,300,-13500,-61649.3,entershort,exitshort,861,865
CFFEX.IF.HOT,SHORT,201910140945,3936,201910140955,3952,1,-4800,1320,-5100,-66885.5,entershort,exitshort,866,868
CFFEX.IF.HOT,LONG,201910141000,3962.6,201910141325,3955.6,1,-2100,7800,-2580,-69422.2,enterlong,exitlong,869,892
CFFEX.IF.HOT,SHORT,201910141340,3949.6,201910141350,3953.6,1,-1200,300,-1560,-71058.7,entershort,exitshort,895,897
CFFEX.IF.HOT,SHORT,201910141355,3948.6,201910141400,3953.6,1,-1500,180,-1500,-72995.1,entershort,exitshort,898,899
CFFEX.IF.HOT,SHORT,201910141405,3949.6,201910141420,3953,1,-1020,660,-1500,-74451.5,entershort,exitshort,900,903
CFFEX.IF.HOT,SHORT,201910141430,3953.8,201910141455,3946.2,1,2280,5580,-360,-72607.2,entershort,exitshort,905,910
CFFEX.IF.HOT,SHORT,201910150935,3943,201910150940,3939.2,1,1140,1260,-1620,-71902.1,entershort,exitshort,912,913
CFFEX.IF.HOT,LONG,201910150945,3945,201910150950,3940,1,-1500,480,-1500,-73837.1,enterlong,exitlong,914,915
CFFEX.IF.HOT,LONG,201910150955,3938.2,201910151010,3939.4,1,360,1560,-480,-73912,enterlong,exitlong,916,919
CFFEX.IF.HOT,LONG,201910151015,3939.4,201910151020,3936.2,1,-960,60,-1080,-75306.6,enterlong,exitlong,920,921
CFFEX.IF.HOT,LONG,201910151025,3939,201910151030,3937.6,1,-420,660,-1080,-76161.3,enterlong,exitlong,922,923
CFFEX.IF.HOT,LONG,201910151035,3938.8,201910151045,3940.2,1,420,1500,-240,-76176.3,enterlong,exitlong,924,926
CFFEX.IF.HOT,SHORT,201910151055,3936.6,201910151110,3934.6,1,600,1140,-300,-76010.7,entershort,exitshort,928,931
CFFEX.IF.HOT,SHORT,201910151115,3933.6,201910151120,3937.2,1,-1080,480,-1260,-77525.4,entershort,exitshort,932,933
CFFEX.IF.HOT,LONG,201910151125,3939.2,201910151310,3937.4,1,-540,720,-840,-78500.1,enterlong,exitlong,934,937
CFFEX.IF.HOT,SHORT,201910151315,3936.2,201910151325,3935,1,360,1020,-180,-78574.5,entershort,exitshort,938,940
CFFEX.IF.HOT,SHORT,201910151330,3932.6,201910151335,3934,1,-420,60,-1320,-79428.8,entershort,exitshort,941,942
CFFEX.IF.HOT,LONG,201910151340,3934,201910151355,3935.8,1,540,1080,-240,-79323.3,enterlong,exitlong,943,946
CFFEX.IF.HOT,SHORT,201910151400,3935.2,201910151405,3938.6,1,-1020,240,-1200,-80778.1,entershort,exitshort,947,948
CFFEX.IF.HOT,LONG,201910151410,3940.2,201910151415,3939,1,-360,420,-480,-81573,enterlong,exitlong,949,950
CFFEX.IF.HOT,LONG,201910151420,3939.4,201910151430,3934.4,1,-1500,420,-1680,-83507.4,enterlong,exitlong,951,953
CFFEX.IF.HOT,LONG,201910151435,3936.6,201910151450,3939.8,1,960,1860,-120,-82982.3,enterlong,exitlong,954,957
CFFEX.IF.HOT,SHORT,201910151455,3938.8,201910160935,3938.8,1,-0,1200,-480,-83036.6,entershort,exitshort,958,960
CFFEX.IF.HOT,LONG,201910160940,3955.4,201910160945,3958,1,780,1740,-1020,-82693.6,enterlong,exitlong,961,962
CFFEX.IF.HOT,LONG,201910160950,3967.6,201910160955,3964.4,1,-960,0,-1680,-84091.3,enterlong,exitlong,963,964
CFFEX.IF.HOT,SHORT,201910161000,3965.2,201910161020,3943,1,6660,7080,-300,-77866.7,entershort,exitshort,965,969
CFFEX.IF.HOT,SHORT,201910161030,3937.4,201910161035,3944,1,-1980,180,-2100,-80282.1,entershort,exitshort,971,972
CFFEX.IF.HOT,SHORT,201910161040,3937.6,201910161045,3942.2,1,-1380,60,-1500,-82097.3,entershort,exitshort,973,974
CFFEX.IF.HOT,SHORT,201910161110,3942.2,201910161305,3921.6,1,6180,7620,-1080,-76350.4,entershort,exitshort,979,984
CFFEX.IF.HOT,LONG,201910161340,3927.6,201910161420,3924,1,-1080,1500,-2160,-77863.6,enterlong,exitlong,991,999
CFFEX.IF.HOT,SHORT,201910161430,3921.4,201910161440,3926.2,1,-1440,420,-1440,-79737,entershort,exitshort,1001,1003
CFFEX.IF.HOT,SHORT,201910161445,3922,201910170945,3923,1,-300,1680,-3720,-80091.2,entershort,exitshort,1004,1010
CFFEX.IF.HOT,LONG,201910170950,3922.6,201910170955,3925.2,1,780,1020,-720,-79744.5,enterlong,exitlong,1011,1012
CFFEX.IF.HOT,LONG,201910171000,3926.6,201910171005,3927.8,1,360,420,-540,-79818.1,enterlong,exitlong,1013,1014
CFFEX.IF.HOT,LONG,201910171010,3932.8,201910171020,3929.2,1,-1080,1140,-1320,-81331.9,enterlong,exitlong,1015,1017
CFFEX.IF.HOT,LONG,201910171025,3931.4,201910171030,3926.2,1,-1560,420,-1860,-83325.4,enterlong,exitlong,1018,1019
CFFEX.IF.HOT,SHORT,201910171035,3926.4,201910171040,3932.4,1,-1800,60,-1980,-85559.5,entershort,exitshort,1020,1021
CFFEX.IF.HOT,LONG,201910171045,3931.8,201910171055,3930.2,1,-480,900,-420,-86473.4,enterlong,exitlong,1022,1024
CFFEX.IF.HOT,SHORT,201910171105,3926.4,201910171110,3930.8,1,-1320,60,-1620,-88227.4,entershort,exitshort,1026,1027
CFFEX.IF.HOT,SHORT,201910171120,3930.6,201910171320,3920.2,1,3120,3060,-120,-85540.2,entershort,exitshort,1029,1035
CFFEX.IF.HOT,SHORT,201910171335,3919.4,201910171340,3923.2,1,-1140,0,-1140,-87113.3,entershort,exitshort,1038,1039
CFFEX.IF.HOT,LONG,201910171350,3928.4,201910171355,3926,1,-720,0,-1020,-88266.8,enterlong,exitlong,1041,1042
CFFEX.IF.HOT,LONG,201910171400,3926.6,201910171405,3922.8,1,-1140,120,-1260,-89839.9,enterlong,exitlong,1043,1044
CFFEX.IF.HOT,SHORT,201910171410,3919.2,201910171420,3919.4,1,-60,1080,-780,-90332.6,entershort,exitshort,1045,1047
CFFEX.IF.HOT,SHORT,201910171425,3917,201910171440,3917,1,-0,2100,-240,-90765,entershort,exitshort,1048,1051
CFFEX.IF.HOT,SHORT,201910171445,3915.2,201910171455,3919.2,1,-1200,300,-1380,-92397.6,entershort,exitshort,1052,1054
CFFEX.IF.HOT,LONG,201910180935,3929.4,201910180945,3932.8,1,1020,4080,0,-91811.8,enterlong,exitlong,1056,1058
CFFEX.IF.HOT,SHORT,201910180950,3932.2,201910181010,3931.4,1,240,2400,-360,-92005.8,entershort,exitshort,1059,1063
CFFEX.IF.HOT,LONG,201910181020,3932,201910181035,3931,1,-300,1560,-840,-92739.8,enterlong,exitlong,1065,1068
CFFEX.IF.HOT,SHORT,201910181040,3930.4,201910181110,3915.8,1,4380,5640,0,-88792.2,entershort,exitshort,1069,1075
CFFEX.IF.HOT,SHORT,201910181115,3912.6,201910181435,3862,1,15180,20640,-480,-74038.9,entershort,exitshort,1076,1098
CFFEX.IF.HOT,SHORT,201910210940,3851,201910210950,3858,1,-2100,1140,-2640,-76564.8,entershort,exitshort,1105,1107
CFFEX.IF.HOT,SHORT,201910211000,3851.8,201910211005,3859.6,1,-2340,420,-2520,-79330.9,entershort,exitshort,1109,1110
CFFEX.IF.HOT,LONG,201910211020,3863,201910211040,3868.4,1,1620,2940,-1500,-78137.9,enterlong,exitlong,1113,1117
CFFEX.IF.HOT,LONG,201910211045,3870.4,201910211100,3868.8,1,-480,1200,-1080,-79045,enterlong,exitlong,1118,1121
CFFEX.IF.HOT,SHORT,201910211105,3868.4,201910211110,3871.2,1,-840,420,-900,-80312.4,entershort,exitshort,1122,1123
CFFEX.IF.HOT,SHORT,201910211115,3870.4,201910211130,3872.2,1,-540,1620,-960,-81279.9,entershort,exitshort,1124,1127
CFFEX.IF.HOT,SHORT,201910211305,3872.4,201910211340,3859.6,1,3840,4320,-780,-77866.1,entershort,exitshort,1128,1135
CFFEX.IF.HOT,SHORT,201910211345,3858.6,201910211355,3859,1,-120,480,-540,-78412.1,entershort,exitshort,1136,1138
CFFEX.IF.HOT,SHORT,201910211405,3855.8,201910211410,3859.6,1,-1140,180,-1560,-79978.2,entershort,exitshort,1140,1141
CFFEX.IF.HOT,SHORT,201910211415,3856.4,201910211430,3854.8,1,480,2160,0,-79923.7,entershort,exitshort,1142,1145
CFFEX.IF.HOT,SHORT,201910211435,3851.8,201910211440,3857.4,1,-1680,360,-1740,-82029.6,entershort,exitshort,1146,1147
CFFEX.IF.HOT,LONG,201910211445,3864,201910220940,3874.4,1,3120,6000,-900,-78963,enterlong,exitlong,1148,1153
CFFEX.IF.HOT,SHORT,201910220945,3867.2,201910220950,3868.4,1,-360,300,-1200,-79750,entershort,exitshort,1154,1155
CFFEX.IF.HOT,SHORT,201910220955,3864.4,201910221000,3866.6,1,-660,240,-1260,-80836.9,entershort,exitshort,1156,1157
CFFEX.IF.HOT,LONG,201910221005,3871.6,201910221010,3868.8,1,-840,120,-1260,-82104,enterlong,exitlong,1158,1159
CFFEX.IF.HOT,LONG,201910221015,3869.8,201910221025,3861.8,1,-2400,1020,-2640,-84930.4,enterlong,exitlong,1160,1162
CFFEX.IF.HOT,SHORT,201910221030,3859.6,201910221040,3863.8,1,-1260,720,-1260,-86616.9,entershort,exitshort,1163,1165
CFFEX.IF.HOT,LONG,201910221045,3867.8,201910221050,3863.2,1,-1380,240,-1560,-88423.5,enterlong,exitlong,1166,1167
CFFEX.IF.HOT,LONG,201910221100,3867,201910221120,3858.2,1,-2640,780,-3060,-91489.5,enterlong,exitlong,1169,1173
CFFEX.IF.HOT,SHORT,201910221125,3855.6,201910221130,3858,1,-720,60,-1020,-92635.4,entershort,exitshort,1174,1175
CFFEX.IF.HOT,LONG,201910221305,3860,201910221315,3860.4,1,120,1380,-960,-92941.5,enterlong,exitlong,1176,1178
CFFEX.IF.HOT,LONG,201910221325,3862.4,201910221335,3858.8,1,-1080,660,-1500,-94447.6,enterlong,exitlong,1180,1182
CFFEX.IF.HOT,SHORT,201910221340,3858.2,201910221350,3856.6,1,480,1380,-240,-94393.4,entershort,exitshort,1183,1185
CFFEX.IF.HOT,LONG,201910221400,3853.8,201910221430,3873,1,5760,5940,-300,-89060.8,enterlong,exitlong,1187,1193
CFFEX.IF.HOT,LONG,201910221435,3886.6,201910221440,3882.2,1,-1320,1740,-1980,-90809.4,enterlong,exitlong,1194,1195
CFFEX.IF.HOT,SHORT,201910221445,3875.2,201910221450,3877.2,1,-600,960,-1200,-91837.5,entershort,exitshort,1196,1197
CFFEX.IF.HOT,LONG,201910230940,3882,201910230945,3878,1,-1200,780,-1380,-93465.6,enterlong,exitlong,1201,1202
CFFEX.IF.HOT,LONG,201910230950,3881.8,201910230955,3876.4,1,-1620,1200,-1680,-95513.6,enterlong,exitlong,1203,1204
CFFEX.IF.HOT,LONG,201910231000,3876.8,201910231015,3870.6,1,-1860,360,-1980,-97801,enterlong,exitlong,1205,1208
CFFEX.IF.HOT,LONG,201910231040,3877,201910231105,3867.2,1,-2940,660,-3420,-101168,enterlong,exitlong,1213,1218
CFFEX.IF.HOT,SHORT,201910231115,3867.6,201910231320,3871,1,-1020,1740,-1020,-102615,entershort,exitshort,1220,1227
CFFEX.IF.HOT,LONG,201910231325,3871.2,201910231340,3872.2,1,300,1080,-540,-102743,enterlong,exitlong,1228,1231
CFFEX.IF.HOT,SHORT,201910231345,3869.6,201910231400,3863.2,1,1920,2640,-120,-101249,entershort,exitshort,1232,1235
CFFEX.IF.HOT,LONG,201910231410,3867.4,201910231415,3863,1,-1320,480,-1500,-102996,enterlong,exitlong,1237,1238
CFFEX.IF.HOT,SHORT,201910231420,3858.6,201910231430,3854,1,1380,1440,-180,-102041,entershort,exitshort,1239,1241
CFFEX.IF.HOT,LONG,201910231435,3855.6,201910231445,3852.4,1,-960,840,-1020,-103427,enterlong,exitlong,1242,1244
CFFEX.IF.HOT,SHORT,201910231450,3844,201910231455,3850,1,-1800,0,-1980,-105652,entershort,exitshort,1245,1246
CFFEX.IF.HOT,LONG,201910231500,3858.8,201910240940,3857.2,1,-480,2700,-720,-106185,enterlong,exitlong,1247,1249
CFFEX.IF.HOT,LONG,201910240950,3861.4,201910240955,3864.8,1,1020,1200,-1440,-105592,enterlong,exitlong,1251,1252
CFFEX.IF.HOT,SHORT,201910241000,3860.6,201910241005,3864.2,1,-1080,720,-1260,-107098,entershort,exitshort,1253,1254
CFFEX.IF.HOT,LONG,201910241010,3874.2,201910241015,3879.4,1,1560,1620,-1380,-105966,enterlong,exitlong,1255,1256
CFFEX.IF.HOT,LONG,201910241020,3880.4,201910241030,3877.4,1,-900,1320,-1920,-107294,enterlong,exitlong,1257,1259
CFFEX.IF.HOT,LONG,201910241040,3872,201910241045,3866.8,1,-1560,240,-1680,-109281,enterlong,exitlong,1261,1262
CFFEX.IF.HOT,SHORT,201910241105,3857.4,201910241125,3860.4,1,-900,1020,-1200,-110608,entershort,exitshort,1266,1270
CFFEX.IF.HOT,LONG,201910241315,3859.2,201910241320,3853.8,1,-1620,240,-1800,-112653,enterlong,exitlong,1274,1275
CFFEX.IF.HOT,SHORT,201910241325,3850.8,201910241340,3850,1,240,2700,-240,-112838,entershort,exitshort,1276,1279
CFFEX.IF.HOT,SHORT,201910241350,3845.6,201910241355,3853.8,1,-2460,60,-3840,-115724,entershort,exitshort,1281,1282
CFFEX.IF.HOT,LONG,201910241405,3853.6,201910241435,3865.4,1,3540,5100,-960,-112610,enterlong,exitlong,1284,1290
CFFEX.IF.HOT,LONG,201910241440,3865.8,201910241445,3861.2,1,-1380,0,-1500,-114416,enterlong,exitlong,1291,1292
CFFEX.IF.HOT,LONG,201910241450,3864.2,201910250940,3857.6,1,-1980,1980,-2520,-116450,enterlong,exitlong,1293,1297
CFFEX.IF.HOT,SHORT,201910250945,3855.6,201910251010,3846.2,1,2820,4980,-600,-114054,entershort,exitshort,1298,1303
CFFEX.IF.HOT,SHORT,201910251020,3845.4,201910251030,3845.6,1,-60,2340,-420,-114539,entershort,exitshort,1305,1307
CFFEX.IF.HOT,SHORT,201910251040,3842.2,201910251045,3844.4,1,-660,600,-1440,-115623,entershort,exitshort,1309,1310
CFFEX.IF.HOT,SHORT,201910251050,3843,201910251100,3868.6,1,-7680,420,-7380,-123730,entershort,exitshort,1311,1313
CFFEX.IF.HOT,SHORT,201910251105,3866.6,201910251110,3864.8,1,540,780,-1080,-123617,entershort,exitshort,1314,1315
CFFEX.IF.HOT,LONG,201910251115,3869.4,201910251130,3870.6,1,360,3480,-300,-123684,enterlong,exitlong,1316,1319
CFFEX.IF.HOT,SHORT,201910251305,3863,201910251330,3868.2,1,-1560,540,-2400,-125671,entershort,exitshort,1320,1325
CFFEX.IF.HOT,SHORT,201910251335,3867.8,201910251350,3877.2,1,-2820,840,-3480,-128919,entershort,exitshort,1326,1329
CFFEX.IF.HOT,LONG,201910251355,3879.8,201910251400,3879.4,1,-120,420,-1680,-129468,enterlong,exitlong,1330,1331
CFFEX.IF.HOT,LONG,201910251415,3888.2,201910251420,3884.8,1,-1020,900,-1800,-130917,enterlong,exitlong,1334,1335
CFFEX.IF.HOT,LONG,201910251425,3891.2,201910251450,3890,1,-360,3120,-1320,-131706,enterlong,exitlong,1336,1341
CFFEX.IF.HOT,LONG,201910251500,3891.6,201910280945,3905.6,1,4200,11520,-360,-127560,enterlong,exitlong,1343,1346
CFFEX.IF.HOT,LONG,201910280950,3906.4,201910281000,3905.6,1,-240,1260,-2940,-128231,enterlong,exitlong,1347,1349
CFFEX.IF.HOT,LONG,201910281010,3907,201910281050,3909.2,1,660,2700,-3300,-128003,enterlong,exitlong,1351,1359
CFFEX.IF.HOT,LONG,201910281055,3916,201910281105,3912.6,1,-1020,1200,-1260,-129454,enterlong,exitlong,1360,1362
CFFEX.IF.HOT,LONG,201910281115,3925.4,201910281125,3921.6,1,-1140,660,-1560,-131027,enterlong,exitlong,1364,1366
CFFEX.IF.HOT,LONG,201910281130,3923.6,201910281310,3915.2,1,-2520,1080,-2520,-133980,enterlong,exitlong,1367,1369
CFFEX.IF.HOT,SHORT,201910281340,3915.2,201910281350,3912.8,1,720,1680,-120,-133692,entershort,exitshort,1375,1377
CFFEX.IF.HOT,SHORT,201910281400,3913.6,201910281405,3919.8,1,-1860,60,-2340,-135984,entershort,exitshort,1379,1380
CFFEX.IF.HOT,SHORT,201910281410,3918,201910281430,3914.2,1,1140,2280,-780,-135277,entershort,exitshort,1381,1385
CFFEX.IF.HOT,LONG,201910281435,3916.4,201910281440,3914.2,1,-660,780,-840,-136369,enterlong,exitlong,1386,1387
CFFEX.IF.HOT,LONG,201910281445,3917,201910281450,3917,1,0,420,-720,-136801,enterlong,exitlong,1388,1389
CFFEX.IF.HOT,SHORT,201910281455,3917.2,201910281500,3919.8,1,-780,120,-1020,-138014,entershort,exitshort,1390,1391
CFFEX.IF.HOT,LONG,201910290940,3916,201910290945,3914.2,1,-540,300,-1200,-138986,enterlong,exitlong,1393,1394
CFFEX.IF.HOT,LONG,201910290950,3915.6,201910290955,3917.8,1,660,960,-540,-138759,enterlong,exitlong,1395,1396
CFFEX.IF.HOT,SHORT,201910291000,3917,201910291005,3915.2,1,540,600,-600,-138651,entershort,exitshort,1397,1398
CFFEX.IF.HOT,LONG,201910291010,3915.8,201910291020,3917.8,1,600,960,-240,-138483,enterlong,exitlong,1399,1401
CFFEX.IF.HOT,LONG,201910291025,3917.2,201910291030,3915.4,1,-540,420,-780,-139456,enterlong,exitlong,1402,1403
CFFEX.IF.HOT,LONG,201910291035,3916.8,201910291040,3917.2,1,120,420,-660,-139768,enterlong,exitlong,1404,1405
CFFEX.IF.HOT,LONG,201910291045,3917.6,201910291055,3921.6,1,1200,2100,-120,-139001,enterlong,exitlong,1406,1408
CFFEX.IF.HOT,SHORT,201910291100,3919,201910291105,3920.6,1,-480,60,-840,-139914,entershort,exitshort,1409,1410
CFFEX.IF.HOT,SHORT,201910291110,3918.2,201910291120,3916.6,1,480,1020,0,-139866,entershort,exitshort,1411,1413
CFFEX.IF.HOT,LONG,201910291125,3915.6,201910291130,3915.6,1,0,300,-900,-140298,enterlong,exitlong,1414,1415
CFFEX.IF.HOT,LONG,201910291305,3915.2,201910291310,3916.2,1,300,480,-420,-140431,enterlong,exitlong,1416,1417
CFFEX.IF.HOT,SHORT,201910291315,3915.8,201910291320,3916.4,1,-180,540,-480,-141043,entershort,exitshort,1418,1419
CFFEX.IF.HOT,LONG,201910291325,3917.8,201910291340,3917.4,1,-120,540,-420,-141596,enterlong,exitlong,1420,1423
CFFEX.IF.HOT,SHORT,201910291345,3914.4,201910291405,3907.4,1,2100,3120,-180,-139927,entershort,exitshort,1424,1428
CFFEX.IF.HOT,SHORT,201910291410,3907.4,201910291415,3912.6,1,-1560,600,-1860,-141919,entershort,exitshort,1429,1430
CFFEX.IF.HOT,SHORT,201910291420,3909.4,201910291450,3910.4,1,-300,1320,-480,-142651,entershort,exitshort,1431,1437
CFFEX.IF.HOT,SHORT,201910291455,3908.4,201910300940,3903.4,1,1500,3420,-420,-141205,entershort,exitshort,1438,1441
CFFEX.IF.HOT,LONG,201910300945,3881.4,201910300955,3877.2,1,-1260,1380,-2400,-142893,enterlong,exitlong,1442,1444
CFFEX.IF.HOT,SHORT,201910301000,3877.8,201910301010,3879.2,1,-420,1440,-1320,-143741,entershort,exitshort,1445,1447
CFFEX.IF.HOT,LONG,201910301030,3886.8,201910301040,3894.8,1,2400,3540,-240,-141771,enterlong,exitlong,1451,1453
CFFEX.IF.HOT,SHORT,201910301055,3886.8,201910301335,3881.8,1,1500,3840,0,-140699,entershort,exitshort,1456,1470
CFFEX.IF.HOT,SHORT,201910301340,3878.4,201910301345,3878.8,1,-120,420,-780,-141248,entershort,exitshort,1471,1472
CFFEX.IF.HOT,LONG,201910301350,3885,201910301355,3882.6,1,-720,840,-1020,-142396,enterlong,exitlong,1473,1474
CFFEX.IF.HOT,SHORT,201910301400,3878.8,201910301410,3879.6,1,-240,120,-1080,-143065,entershort,exitshort,1475,1477
CFFEX.IF.HOT,SHORT,201910301415,3877.4,201910301420,3877.6,1,-60,480,-840,-143553,entershort,exitshort,1478,1479
CFFEX.IF.HOT,SHORT,201910301425,3874.8,201910301430,3876.6,1,-540,180,-1080,-144521,entershort,exitshort,1480,1481
CFFEX.IF.HOT,SHORT,201910301435,3873.2,201910301440,3878,1,-1440,420,-2040,-146389,entershort,exitshort,1482,1483
CFFEX.IF.HOT,LONG,201910301445,3881.2,201910301450,3877,1,-1260,360,-1740,-148077,enterlong,exitlong,1484,1485
CFFEX.IF.HOT,LONG,201910301455,3879.6,201910310935,3891.6,1,3600,780,-960,-144530,enterlong,exitlong,1486,1488
CFFEX.IF.HOT,SHORT,201910310940,3883,201910310945,3887.6,1,-1380,0,-1980,-146340,entershort,exitshort,1489,1490
CFFEX.IF.HOT,LONG,201910310950,3886,201910311000,3892.8,1,2040,3120,0,-144729,enterlong,exitlong,1491,1493
CFFEX.IF.HOT,SHORT,201910311005,3892.4,201910311055,3882.4,1,3000,4500,-120,-142158,entershort,exitshort,1494,1504
CFFEX.IF.HOT,LONG,201910311105,3887.8,201910311130,3886.2,1,-480,1920,-720,-143067,enterlong,exitlong,1506,1511
CFFEX.IF.HOT,SHORT,201910311305,3883,201910311315,3882.6,1,120,360,-840,-143376,entershort,exitshort,1512,1514
CFFEX.IF.HOT,LONG,201910311320,3886,201910311325,3883.4,1,-780,60,-1140,-144584,enterlong,exitlong,1515,1516
CFFEX.IF.HOT,SHORT,201910311330,3882.6,201910311340,3885,1,-720,480,-1260,-145733,entershort,exitshort,1517,1519
CFFEX.IF.HOT,SHORT,201910311345,3883,201910311355,3875.4,1,2280,2400,-240,-143881,entershort,exitshort,1520,1522
CFFEX.IF.HOT,LONG,201910311400,3876.8,201910311405,3875.2,1,-480,300,-960,-144789,enterlong,exitlong,1523,1524
CFFEX.IF.HOT,LONG,201910311410,3876.4,201910311425,3878.2,1,540,2460,-240,-144677,enterlong,exitlong,1525,1528
CFFEX.IF.HOT,SHORT,201910311430,3877.8,201910311440,3877.8,1,-0,840,-240,-145105,entershort,exitshort,1529,1531
CFFEX.IF.HOT,SHORT,201910311445,3867.2,201910311450,3870,1,-840,0,-1800,-146373,entershort,exitshort,1532,1533
CFFEX.IF.HOT,LONG,201910311455,3873,201910311500,3872.4,1,-180,300,-1020,-146980,enterlong,exitlong,1534,1535
